TagCode,Subbasin,ReleaseSite,FirstWellsDate,LastDetectionDate,LastDetectionSite,Fate,Basin,SpillYear,WellsYear,ClassifiedZone,Rear Type Code,Harvest_Status,FallSpillHours,FallSpillDays,FallTotalSpill,SpringSpillHours,SpringSpillDays,SpringTotalSpill,HarvestOpen,SpillYearFactor
384.3B239875C6,Upper Columbia-Entiat,ENTIAR - Entiat River,2017-10-05T05:14:00Z,2018-05-30T12:34:00Z,ENF - Upper Entiat River at rkm 40.6,Below,Entiat,2018,2017,Below,W,Closed,523,34,4903.6,671,66,14036.5,0,2018
384.3B2398DD9B,Upper Columbia-Entiat,ENTIAR - Entiat River,2016-08-09T09:14:00Z,2017-04-16T03:47:00Z,TWR - Lwr Twisp Rvr near MSRF Ponds,Above,Entiat,2017,2016,Above,W,Closed,460,22,3623,330,20,17709.1,0,2017
384.3B239947BA,Wenatchee,NASONC - Nason Creek (tributary to Wenatchee River),2019-08-18T12:02:00Z,2019-10-04T08:16:00Z,"TUM - Tumwater Dam, Wenatchee River",Below,Wenatchee,2020,2019,Below,W,Closed,527,45,5134,86,13,3546.5,0,2020
384.3B23995DC4,Upper Columbia-Entiat,ENTIAR - Entiat River,2016-08-06T15:06:00Z,2017-06-07T18:34:00Z,ENS - Upper Entiat River at rkm 35.7,Below,Entiat,2017,2016,Below,W,Closed,460,22,3623,330,20,17709.1,0,2017
384.3B239B285B,Wenatchee,NASONC - Nason Creek (tributary to Wenatchee River),2020-07-11T15:09:00Z,2021-05-05T13:14:00Z,JDJ - John Day Dam Juvenile,Below,Wenatchee,2021,2020,Below,W,Closed,725,55,8756.2,161,24,2214.9,0,2021
384.3B23AC4B3E,Wenatchee,"WENA4T - Lower Wenatchee trap, 2.8km below Mission Creek",2016-08-07T09:55:00Z,2016-10-27T02:43:00Z,LMR - Lower Methow River at Pateros,Above,Wenatchee,2017,2016,Above,W,Closed,460,22,3623,330,20,17709.1,0,2017
384.3B23AC6042,Upper Columbia-Entiat,ENTIAR - Entiat River,2015-08-28T15:02:00Z,2016-04-08T13:11:00Z,HS2 - Bottom side channel near ENFH,Below,Entiat,2016,2015,Below,W,Open,460,24,4097.5,15,4,165.1,1,2016
384.3B23AC6E25,Upper Columbia-Entiat,ENTIAR - Entiat River,2015-09-07T15:34:00Z,2016-05-02T11:56:00Z,BCC - BON PH2 Corner Collector,Below,Entiat,2016,2015,Below,W,Open,460,24,4097.5,15,4,165.1,1,2016
384.3B23AC8F6F,Upper Columbia-Entiat,ENTIAR - Entiat River,2016-08-21T10:21:00Z,2016-08-21T12:31:00Z,"WEA - Wells Dam, DCPUD Adult Ladders",Wells Dam,Entiat,2017,2016,Wells Dam,W,Closed,460,22,3623,330,20,17709.1,0,2017
3D9.1BF1A7ADA9,Upper Columbia-Entiat,ENTIAR - Entiat River,2007-11-17T01:51:00Z,2007-11-17T03:38:00Z,"WEA - Wells Dam, DCPUD Adult Ladders",Wells Dam,Entiat,2008,2007,Wells Dam,W,Open,655,41,4960.4,19,10,153.3,1,2008
3D9.1BF1F8679B,Upper Columbia-Entiat,ENTIAR - Entiat River,2007-09-28T15:31:00Z,2008-04-29T17:43:00Z,"MAD - Mad River, Entiat River Basin",Below,Entiat,2008,2007,Below,W,Open,655,41,4960.4,19,10,153.3,1,2008
3D9.1BF2011E3B,Wenatchee,NASONC - Nason Creek (tributary to Wenatchee River),2009-08-24T17:57:00Z,2010-05-02T21:07:00Z,RRJ - Rocky Reach Dam Juvenile,Below,Wenatchee,2010,2009,Below,W,Open,626,28,3865.5,1,2,1.4,1,2010
3D9.1BF201A1D0,Upper Columbia-Entiat,ENTIAR - Entiat River,2008-09-09T19:24:00Z,2009-04-17T21:58:00Z,ENM - Middle Entiat River,Below,Entiat,2009,2008,Below,W,Open,644,37,5951,30,14,256.3,1,2009
3D9.1BF201A551,Upper Columbia-Entiat,ENTIAR - Entiat River,2007-08-22T20:40:00Z,2008-04-13T21:21:00Z,ENL - Lower Entiat River,Below,Entiat,2008,2007,Below,W,Open,655,41,4960.4,19,10,153.3,1,2008
3D9.1BF201C3E5,Upper Columbia-Entiat,ENTIAR - Entiat River,2008-09-21T09:08:00Z,2008-09-21T09:09:00Z,"WEA - Wells Dam, DCPUD Adult Ladders",Wells Dam,Entiat,2009,2008,Wells Dam,W,Open,644,37,5951,30,14,256.3,1,2009
3D9.1BF201D559,Upper Columbia-Entiat,ENTIAR - Entiat River,2006-10-13T13:24:00Z,2006-12-05T03:00:00Z,"WEA - Wells Dam, DCPUD Adult Ladders",Wells Dam,Entiat,2007,2006,Wells Dam,W,Open,632,33,4682.1,193,26,6309.6,1,2007
3D9.1BF201FC03,Upper Columbia-Entiat,ENTIAR - Entiat River,2008-08-19T17:15:00Z,2009-04-17T22:33:00Z,ENL - Lower Entiat River,Below,Entiat,2009,2008,Below,W,Open,644,37,5951,30,14,256.3,1,2009
3D9.1BF25D4AA0,Wenatchee,WENATT - Wenatchee River trap at West Monitor Bridge,2009-06-26T16:05:00Z,2009-07-19T10:17:00Z,TUF - Tumwater Dam Adult Fishway,Below,Wenatchee,2010,2009,Below,W,Open,626,28,3865.5,1,2,1.4,1,2010
3D9.1BF25E4AEE,Upper Columbia-Entiat,MADRVR - Mad River (Entiat River watershed),2009-10-01T13:07:00Z,2010-04-14T14:14:00Z,"MAD - Mad River, Entiat River Basin",Below,Entiat,2010,2009,Below,W,Open,626,28,3865.5,1,2,1.4,1,2010
3D9.1BF25FEB8A,Upper Columbia-Entiat,ENTIAR - Entiat River,2009-09-13T16:44:00Z,2010-05-01T06:06:00Z,MCJ - McNary Dam Juvenile,Below,Entiat,2010,2009,Below,W,Open,626,28,3865.5,1,2,1.4,1,2010
3D9.1BF25FEF5C,Upper Columbia-Entiat,ENTIAR - Entiat River,2010-05-03T14:38:00Z,2010-05-03T14:39:00Z,"WEA - Wells Dam, DCPUD Adult Ladders",Wells Dam,Entiat,2011,2010,Wells Dam,W,Open,631,31,4091.1,146,22,1891.7,1,2011
3D9.1BF26002A8,Upper Columbia-Entiat,ENTIAR - Entiat River,2009-10-03T21:48:00Z,2010-05-18T18:42:00Z,RRJ - Rocky Reach Dam Juvenile,Below,Entiat,2010,2009,Below,W,Open,626,28,3865.5,1,2,1.4,1,2010
3D9.1BF2604717,Upper Columbia-Entiat,MADRVR - Mad River (Entiat River watershed),2010-08-11T12:52:00Z,2010-08-11T12:52:00Z,"WEA - Wells Dam, DCPUD Adult Ladders",Wells Dam,Entiat,2011,2010,Wells Dam,W,Open,631,31,4091.1,146,22,1891.7,1,2011
3D9.1BF26DA167,Wenatchee,WENATR - Wenatchee River,2009-09-03T09:52:00Z,2009-09-03T10:29:00Z,"WEA - Wells Dam, DCPUD Adult Ladders",Wells Dam,Wenatchee,2010,2009,Wells Dam,W,Open,626,28,3865.5,1,2,1.4,1,2010
3D9.1BF26DADEC,Wenatchee,WENATR - Wenatchee River,2009-08-30T11:10:00Z,2010-05-27T20:45:00Z,BCC - BON PH2 Corner Collector,Below,Wenatchee,2010,2009,Below,W,Open,626,28,3865.5,1,2,1.4,1,2010
3D9.1BF26DB858,Wenatchee,NASONC - Nason Creek (tributary to Wenatchee River),2009-09-11T11:20:00Z,2009-09-11T11:21:00Z,"WEA - Wells Dam, DCPUD Adult Ladders",Wells Dam,Wenatchee,2010,2009,Wells Dam,W,Open,626,28,3865.5,1,2,1.4,1,2010
3D9.1BF26DBC89,Upper Columbia-Entiat,MADRVR - Mad River (Entiat River watershed),2009-10-16T09:59:00Z,2010-05-07T14:10:00Z,BCC - BON PH2 Corner Collector,Below,Entiat,2010,2009,Below,W,Open,626,28,3865.5,1,2,1.4,1,2010
3D9.1BF26DDC22,Wenatchee,WENATR - Wenatchee River,2010-04-17T22:59:00Z,2010-05-25T10:13:00Z,"MAD - Mad River, Entiat River Basin",Below,Wenatchee,2011,2010,Below,W,Open,631,31,4091.1,146,22,1891.7,1,2011
3D9.1C2C3232BC,Upper Columbia-Entiat,ENTIAR - Entiat River,2009-10-25T09:36:00Z,2010-06-10T09:19:00Z,"MAD - Mad River, Entiat River Basin",Below,Entiat,2010,2009,Below,W,Open,626,28,3865.5,1,2,1.4,1,2010
3D9.1C2C4293CF,Upper Columbia-Entiat,ENTIAR - Entiat River,2009-09-21T10:46:00Z,2010-04-15T20:51:00Z,LMR - Lower Methow River at Pateros,Above,Entiat,2010,2009,Above,W,Open,626,28,3865.5,1,2,1.4,1,2010
3D9.1C2C42959D,Upper Columbia-Entiat,ENTIAR - Entiat River,2010-08-16T15:39:00Z,2011-04-30T20:08:00Z,ENM - Middle Entiat River,Below,Entiat,2011,2010,Below,W,Open,631,31,4091.1,146,22,1891.7,1,2011
3D9.1C2C42A0CD,Upper Columbia-Entiat,ENTIAR - Entiat River,2009-11-27T10:15:00Z,2010-04-19T04:37:00Z,ENM - Middle Entiat River,Below,Entiat,2010,2009,Below,W,Open,626,28,3865.5,1,2,1.4,1,2010
3D9.1C2C42CD6A,Upper Columbia-Entiat,ENTIAR - Entiat River,2009-09-27T14:43:00Z,2010-06-14T16:06:00Z,RRJ - Rocky Reach Dam Juvenile,Below,Entiat,2010,2009,Below,W,Open,626,28,3865.5,1,2,1.4,1,2010
3D9.1C2C42DC73,Upper Columbia-Entiat,ENTIAR - Entiat River,2009-09-16T16:48:00Z,2010-06-19T17:26:00Z,"MAD - Mad River, Entiat River Basin",Below,Entiat,2010,2009,Below,W,Open,626,28,3865.5,1,2,1.4,1,2010
3D9.1C2C43577C,Upper Columbia-Entiat,ENTIAR - Entiat River,2012-08-10T13:55:00Z,2013-03-29T21:19:00Z,ENL - Lower Entiat River,Below,Entiat,2013,2012,Below,W,Open,600,39,9666.8,72,19,1117.1,1,2013
3D9.1C2C4478BF,Upper Columbia-Entiat,ENTIAR - Entiat River,2010-09-02T15:42:00Z,2011-04-01T21:39:00Z,TWR - Lwr Twisp Rvr near MSRF Ponds,Above,Entiat,2011,2010,Above,W,Open,631,31,4091.1,146,22,1891.7,1,2011
3D9.1C2C448869,Upper Columbia-Entiat,ENTIAR - Entiat River,2010-08-10T13:56:00Z,2011-03-23T01:08:00Z,RCT - Roaring Creek Temporary Array,Below,Entiat,2011,2010,Below,W,Open,631,31,4091.1,146,22,1891.7,1,2011
3D9.1C2C44A0C0,Upper Columbia-Entiat,ENTIAR - Entiat River,2009-08-18T18:41:00Z,2010-05-20T13:12:00Z,RRJ - Rocky Reach Dam Juvenile,Below,Entiat,2010,2009,Below,W,Open,626,28,3865.5,1,2,1.4,1,2010
3D9.1C2C44AC6A,Upper Columbia-Entiat,ENTIAR - Entiat River,2009-09-26T07:57:00Z,2010-06-26T21:07:00Z,MCJ - McNary Dam Juvenile,Below,Entiat,2010,2009,Below,W,Open,626,28,3865.5,1,2,1.4,1,2010
3D9.1C2C44DEA6,Upper Columbia-Entiat,ENTIAR - Entiat River,2010-09-23T05:36:00Z,2011-05-06T08:16:00Z,ENM - Middle Entiat River,Below,Entiat,2011,2010,Below,W,Open,631,31,4091.1,146,22,1891.7,1,2011
3D9.1C2C44E0B5,Upper Columbia-Entiat,ENTIAR - Entiat River,2009-10-10T11:06:00Z,2010-04-24T17:38:00Z,"GLC - Gold Creek, Methow River",Above,Entiat,2010,2009,Above,W,Open,626,28,3865.5,1,2,1.4,1,2010
3D9.1C2C44E6E6,Upper Columbia-Entiat,ENTIAR - Entiat River,2009-10-04T21:26:00Z,2010-05-10T04:59:00Z,TWR - Lwr Twisp Rvr near MSRF Ponds,Above,Entiat,2010,2009,Above,W,Open,626,28,3865.5,1,2,1.4,1,2010
3D9.1C2C452C6C,Upper Columbia-Entiat,ENTIAR - Entiat River,2010-07-19T15:04:00Z,2010-07-19T15:04:00Z,"WEA - Wells Dam, DCPUD Adult Ladders",Wells Dam,Entiat,2011,2010,Wells Dam,W,Open,631,31,4091.1,146,22,1891.7,1,2011
3D9.1C2C454CF4,Upper Columbia-Entiat,ENTIAR - Entiat River,2009-08-27T18:56:00Z,2009-08-27T18:57:00Z,"WEA - Wells Dam, DCPUD Adult Ladders",Wells Dam,Entiat,2010,2009,Wells Dam,W,Open,626,28,3865.5,1,2,1.4,1,2010
3D9.1C2C467685,Upper Columbia-Entiat,ENTIAR - Entiat River,2009-09-19T16:43:00Z,2010-05-02T11:39:00Z,ENM - Middle Entiat River,Below,Entiat,2010,2009,Below,W,Open,626,28,3865.5,1,2,1.4,1,2010
3D9.1C2C472E3E,Upper Columbia-Entiat,ENTIAR - Entiat River,2009-09-27T09:51:00Z,2010-05-20T10:00:00Z,RRJ - Rocky Reach Dam Juvenile,Below,Entiat,2010,2009,Below,W,Open,626,28,3865.5,1,2,1.4,1,2010
3D9.1C2C47DD13,Upper Columbia-Entiat,ENTIAR - Entiat River,2010-08-18T08:58:00Z,2011-03-27T21:34:00Z,ENL - Lower Entiat River,Below,Entiat,2011,2010,Below,W,Open,631,31,4091.1,146,22,1891.7,1,2011
3D9.1C2C50C954,Upper Columbia-Entiat,ENTIAR - Entiat River,2010-10-13T13:06:00Z,2011-04-11T11:25:00Z,OKANR - Okanogan River,Above,Entiat,2011,2010,Above,W,Open,631,31,4091.1,146,22,1891.7,1,2011
3D9.1C2C50CC1F,Upper Columbia-Entiat,ENTIAR - Entiat River,2010-09-07T21:19:00Z,2010-09-07T21:19:00Z,"WEA - Wells Dam, DCPUD Adult Ladders",Wells Dam,Entiat,2011,2010,Wells Dam,W,Open,631,31,4091.1,146,22,1891.7,1,2011
3D9.1C2C50D574,Upper Columbia-Entiat,MADRVR - Mad River (Entiat River watershed),2011-08-04T13:53:00Z,2012-05-07T02:21:00Z,"MAD - Mad River, Entiat River Basin",Below,Entiat,2012,2011,Below,W,Open,634,31,6876.1,143,15,2877.1,1,2012
3D9.1C2C50D910,Upper Columbia-Entiat,ENTIAR - Entiat River,2009-11-04T13:37:00Z,2010-04-20T16:14:00Z,ENM - Middle Entiat River,Below,Entiat,2010,2009,Below,W,Open,626,28,3865.5,1,2,1.4,1,2010
3D9.1C2C50D999,Upper Columbia-Entiat,ENTIAR - Entiat River,2009-09-08T14:40:00Z,2010-04-17T23:30:00Z,ENL - Lower Entiat River,Below,Entiat,2010,2009,Below,W,Open,626,28,3865.5,1,2,1.4,1,2010
3D9.1C2C50DD03,Wenatchee,WENATT - Wenatchee River trap at West Monitor Bridge,2010-08-07T16:32:00Z,2011-04-26T22:10:00Z,PES - Peshastin Creek,Below,Wenatchee,2011,2010,Below,W,Open,631,31,4091.1,146,22,1891.7,1,2011
3D9.1C2C50DE54,Upper Columbia-Entiat,ENTIAR - Entiat River,2010-07-06T10:18:00Z,2011-04-24T04:07:00Z,ENF - Upper Entiat River at rkm 40.6,Below,Entiat,2011,2010,Below,W,Open,631,31,4091.1,146,22,1891.7,1,2011
3D9.1C2C50DE70,Upper Columbia-Entiat,ENTIAR - Entiat River,2009-09-26T16:55:00Z,2009-09-26T16:56:00Z,"WEA - Wells Dam, DCPUD Adult Ladders",Wells Dam,Entiat,2010,2009,Wells Dam,W,Open,626,28,3865.5,1,2,1.4,1,2010
3D9.1C2C50E3FD,Upper Columbia-Entiat,ENTIAR - Entiat River,2009-09-05T10:56:00Z,2010-05-22T19:46:00Z,ENM - Middle Entiat River,Below,Entiat,2010,2009,Below,W,Open,626,28,3865.5,1,2,1.4,1,2010
3D9.1C2C50E5B3,Upper Columbia-Entiat,ENTIAR - Entiat River,2009-09-01T09:58:00Z,2010-06-24T05:19:00Z,RRJ - Rocky Reach Dam Juvenile,Below,Entiat,2010,2009,Below,W,Open,626,28,3865.5,1,2,1.4,1,2010
3D9.1C2C50EBCA,Upper Columbia-Entiat,ENTIAR - Entiat River,2009-08-24T07:53:00Z,2010-05-28T11:38:00Z,"MAD - Mad River, Entiat River Basin",Below,Entiat,2010,2009,Below,W,Open,626,28,3865.5,1,2,1.4,1,2010
3D9.1C2C5102E0,Upper Columbia-Entiat,ENTIAR - Entiat River,2009-09-15T09:12:00Z,2010-04-05T22:03:00Z,LMR - Lower Methow River at Pateros,Above,Entiat,2010,2009,Above,W,Open,626,28,3865.5,1,2,1.4,1,2010
3D9.1C2C5103FF,Upper Columbia-Entiat,ENTIAR - Entiat River,2011-08-27T10:51:00Z,2012-04-12T00:01:00Z,ENS - Upper Entiat River at rkm 35.7,Below,Entiat,2012,2011,Below,W,Open,634,31,6876.1,143,15,2877.1,1,2012
3D9.1C2C516FC1,Upper Columbia-Entiat,ENTIAR - Entiat River,2009-11-22T09:32:00Z,2010-04-18T00:10:00Z,ENM - Middle Entiat River,Below,Entiat,2010,2009,Below,W,Open,626,28,3865.5,1,2,1.4,1,2010
3D9.1C2C517149,Upper Columbia-Entiat,ENTIAR - Entiat River,2009-08-13T12:42:00Z,2010-04-18T16:35:00Z,ENM - Middle Entiat River,Below,Entiat,2010,2009,Below,W,Open,626,28,3865.5,1,2,1.4,1,2010
3D9.1C2C517A68,Upper Columbia-Entiat,ENTIAR - Entiat River,2011-10-11T13:46:00Z,2011-10-11T13:46:00Z,"WEA - Wells Dam, DCPUD Adult Ladders",Wells Dam,Entiat,2012,2011,Wells Dam,W,Open,634,31,6876.1,143,15,2877.1,1,2012
3D9.1C2C518264,Upper Columbia-Entiat,ENTIAR - Entiat River,2010-07-17T10:10:00Z,2011-04-06T22:33:00Z,"MAD - Mad River, Entiat River Basin",Below,Entiat,2011,2010,Below,W,Open,631,31,4091.1,146,22,1891.7,1,2011
3D9.1C2C51CD86,Upper Columbia-Entiat,ENTIAR - Entiat River,2009-08-05T18:02:00Z,2010-05-07T14:36:00Z,RRJ - Rocky Reach Dam Juvenile,Below,Entiat,2010,2009,Below,W,Open,626,28,3865.5,1,2,1.4,1,2010
3D9.1C2CB10926,Upper Columbia-Entiat,MADRVR - Mad River (Entiat River watershed),2014-09-19T08:14:00Z,2015-05-31T11:42:00Z,BCC - BON PH2 Corner Collector,Below,Entiat,2015,2014,Below,W,Open,460,22,4187,285,37,4605.9,1,2015
3D9.1C2CBC39D4,Upper Columbia-Entiat,ENTIAR - Entiat River,2012-08-05T16:41:00Z,2012-08-05T18:08:00Z,"WEA - Wells Dam, DCPUD Adult Ladders",Wells Dam,Entiat,2013,2012,Wells Dam,W,Open,600,39,9666.8,72,19,1117.1,1,2013
3D9.1C2CBC3F49,Upper Columbia-Entiat,ENTIAR - Entiat River,2012-10-20T07:57:00Z,2013-05-02T15:15:00Z,ENM - Middle Entiat River,Below,Entiat,2013,2012,Below,W,Open,600,39,9666.8,72,19,1117.1,1,2013
3D9.1C2CBC4476,Upper Columbia-Entiat,ENTIAR - Entiat River,2012-09-08T15:11:00Z,2012-09-08T16:57:00Z,"WEA - Wells Dam, DCPUD Adult Ladders",Wells Dam,Entiat,2013,2012,Wells Dam,W,Open,600,39,9666.8,72,19,1117.1,1,2013
3D9.1C2CBC473F,Upper Columbia-Entiat,ENTIAR - Entiat River,2011-09-02T17:55:00Z,2011-09-02T17:56:00Z,"WEA - Wells Dam, DCPUD Adult Ladders",Wells Dam,Entiat,2012,2011,Wells Dam,W,Open,634,31,6876.1,143,15,2877.1,1,2012
3D9.1C2CCD6A98,Upper Columbia-Entiat,ENTIAR - Entiat River,2011-11-04T12:10:00Z,2012-04-07T20:05:00Z,ENM - Middle Entiat River,Below,Entiat,2012,2011,Below,W,Open,634,31,6876.1,143,15,2877.1,1,2012
3D9.1C2CCD6F15,Upper Columbia-Entiat,ENTIAR - Entiat River,2010-09-06T17:50:00Z,2011-06-04T13:52:00Z,ENM - Middle Entiat River,Below,Entiat,2011,2010,Below,W,Open,631,31,4091.1,146,22,1891.7,1,2011
3D9.1C2CCD70E3,Upper Columbia-Entiat,ENTIAR - Entiat River,2010-08-24T13:42:00Z,2011-05-14T09:03:00Z,RRJ - Rocky Reach Dam Juvenile,Below,Entiat,2011,2010,Below,W,Open,631,31,4091.1,146,22,1891.7,1,2011
3D9.1C2CCD7188,Upper Columbia-Entiat,ENTIAR - Entiat River,2011-08-22T13:58:00Z,2012-04-20T04:16:00Z,ENS - Upper Entiat River at rkm 35.7,Below,Entiat,2012,2011,Below,W,Open,634,31,6876.1,143,15,2877.1,1,2012
3D9.1C2CCDA88C,Upper Columbia-Entiat,ENTIAR - Entiat River,2011-09-16T19:22:00Z,2014-04-12T02:37:00Z,RRJ - Rocky Reach Dam Juvenile,Below,Entiat,2012,2011,Below,W,Open,634,31,6876.1,143,15,2877.1,1,2012
3D9.1C2CCDE611,Upper Columbia-Entiat,ENTIAR - Entiat River,2011-09-28T08:52:00Z,2012-05-09T18:28:00Z,PD1 - Top of Chelan PUD side channel,Below,Entiat,2012,2011,Below,W,Open,634,31,6876.1,143,15,2877.1,1,2012
3D9.1C2CDB3D85,Upper Columbia-Entiat,ENTIAR - Entiat River,2011-09-11T15:30:00Z,2012-06-11T13:50:00Z,"MAD - Mad River, Entiat River Basin",Below,Entiat,2012,2011,Below,W,Open,634,31,6876.1,143,15,2877.1,1,2012
3D9.1C2CDD6C78,Upper Columbia-Entiat,ENTIAR - Entiat River,2011-09-17T12:09:00Z,2011-09-17T12:11:00Z,"WEA - Wells Dam, DCPUD Adult Ladders",Wells Dam,Entiat,2012,2011,Wells Dam,W,Open,634,31,6876.1,143,15,2877.1,1,2012
3D9.1C2CDD6F5C,Upper Columbia-Entiat,ENTIAR - Entiat River,2010-08-18T14:33:00Z,2010-08-18T14:35:00Z,"WEA - Wells Dam, DCPUD Adult Ladders",Wells Dam,Entiat,2011,2010,Wells Dam,W,Open,631,31,4091.1,146,22,1891.7,1,2011
3D9.1C2CDD727B,Upper Columbia-Entiat,ENTIAR - Entiat River,2012-04-15T15:44:00Z,2012-05-09T20:02:00Z,TWR - Lwr Twisp Rvr near MSRF Ponds,Above,Entiat,2013,2012,Above,W,Open,600,39,9666.8,72,19,1117.1,1,2013
3D9.1C2CDD756D,Upper Columbia-Entiat,ENTIAR - Entiat River,2011-08-31T22:53:00Z,2012-04-13T13:20:00Z,RRJ - Rocky Reach Dam Juvenile,Below,Entiat,2012,2011,Below,W,Open,634,31,6876.1,143,15,2877.1,1,2012
3D9.1C2CDD7EFF,Upper Columbia-Entiat,ENTIAR - Entiat River,2010-08-29T12:38:00Z,2011-04-25T22:07:00Z,"MAD - Mad River, Entiat River Basin",Below,Entiat,2011,2010,Below,W,Open,631,31,4091.1,146,22,1891.7,1,2011
3D9.1C2CDDA9B2,Upper Columbia-Entiat,ENTIAR - Entiat River,2011-09-29T14:37:00Z,2012-05-22T23:49:00Z,"BVC - Beaver Creek, Methow River",Above,Entiat,2012,2011,Above,W,Open,634,31,6876.1,143,15,2877.1,1,2012
3D9.1C2D0807BE,Upper Columbia-Entiat,ENTIAR - Entiat River,2012-09-12T11:30:00Z,2013-04-20T03:26:00Z,ENF - Upper Entiat River at rkm 40.6,Below,Entiat,2013,2012,Below,W,Open,600,39,9666.8,72,19,1117.1,1,2013
3D9.1C2D0A1AD5,Upper Columbia-Entiat,ENTIAR - Entiat River,2011-07-28T19:29:00Z,2011-08-24T13:45:00Z,"WEA - Wells Dam, DCPUD Adult Ladders",Wells Dam,Entiat,2012,2011,Wells Dam,W,Open,634,31,6876.1,143,15,2877.1,1,2012
3D9.1C2D0CD4F2,Upper Columbia-Entiat,ENTIAR - Entiat River,2013-09-18T11:54:00Z,2014-04-21T22:15:00Z,ENL - Lower Entiat River,Below,Entiat,2014,2013,Below,W,Open,465,24,4206.5,189,24,2903,1,2014
3D9.1C2D1004F7,Upper Columbia-Entiat,ENTIAR - Entiat River,2012-08-09T08:42:00Z,2012-08-09T10:26:00Z,"WEA - Wells Dam, DCPUD Adult Ladders",Wells Dam,Entiat,2013,2012,Wells Dam,W,Open,600,39,9666.8,72,19,1117.1,1,2013
3D9.1C2D10B1BF,Upper Columbia-Entiat,ENTIAR - Entiat River,2011-09-05T11:06:00Z,2012-05-13T20:59:00Z,"MAD - Mad River, Entiat River Basin",Below,Entiat,2012,2011,Below,W,Open,634,31,6876.1,143,15,2877.1,1,2012
3D9.1C2D10C675,Upper Columbia-Entiat,ENTIAR - Entiat River,2012-08-21T04:36:00Z,2013-06-07T20:31:00Z,RRJ - Rocky Reach Dam Juvenile,Below,Entiat,2013,2012,Below,W,Open,600,39,9666.8,72,19,1117.1,1,2013
3D9.1C2D10CBCD,Wenatchee,WENATR - Wenatchee River,2013-08-25T12:44:00Z,2014-05-02T23:42:00Z,NAL - Lower Nason Creek,Below,Wenatchee,2014,2013,Below,W,Open,465,24,4206.5,189,24,2903,1,2014
3D9.1C2D10F371,Upper Columbia-Entiat,ENTIAR - Entiat River,2012-10-12T10:13:00Z,2013-04-10T20:18:00Z,"MAD - Mad River, Entiat River Basin",Below,Entiat,2013,2012,Below,W,Open,600,39,9666.8,72,19,1117.1,1,2013
3D9.1C2D10FC24,Upper Columbia-Entiat,ENTIAR - Entiat River,2011-08-19T14:23:00Z,2012-05-07T00:18:00Z,RCT - Roaring Creek Temporary Array,Below,Entiat,2012,2011,Below,W,Open,634,31,6876.1,143,15,2877.1,1,2012
3D9.1C2D112AF0,Upper Columbia-Entiat,ENTIAR - Entiat River,2011-08-12T23:56:00Z,2012-04-26T15:17:00Z,"WEA - Wells Dam, DCPUD Adult Ladders",Wells Dam,Entiat,2012,2011,Wells Dam,W,Open,634,31,6876.1,143,15,2877.1,1,2012
3D9.1C2D112CEB,Upper Columbia-Entiat,ENTIAR - Entiat River,2011-08-22T07:11:00Z,2012-04-22T15:08:00Z,UMR - Upper Mad Rv. Temporary Array,Below,Entiat,2012,2011,Below,W,Open,634,31,6876.1,143,15,2877.1,1,2012
3D9.1C2D11440A,Upper Columbia-Entiat,ENTIAR - Entiat River,2012-10-13T17:44:00Z,2012-10-13T18:35:00Z,"WEA - Wells Dam, DCPUD Adult Ladders",Wells Dam,Entiat,2013,2012,Wells Dam,W,Open,600,39,9666.8,72,19,1117.1,1,2013
3D9.1C2D114A68,Upper Columbia-Entiat,ENTIAR - Entiat River,2011-08-28T09:40:00Z,2012-05-21T13:00:00Z,"MAD - Mad River, Entiat River Basin",Below,Entiat,2012,2011,Below,W,Open,634,31,6876.1,143,15,2877.1,1,2012
3D9.1C2D125685,Upper Columbia-Entiat,ENTIAR - Entiat River,2013-09-13T16:52:00Z,2014-05-17T15:47:00Z,"MAD - Mad River, Entiat River Basin",Below,Entiat,2014,2013,Below,W,Open,465,24,4206.5,189,24,2903,1,2014
3D9.1C2D125BF9,Upper Columbia-Entiat,ENTIAR - Entiat River,2013-08-28T16:40:00Z,2014-04-29T13:44:00Z,RRJ - Rocky Reach Dam Juvenile,Below,Entiat,2014,2013,Below,W,Open,465,24,4206.5,189,24,2903,1,2014
3D9.1C2D127644,Upper Columbia-Entiat,ENTIAR - Entiat River,2014-09-26T14:28:00Z,2014-09-26T15:44:00Z,"WEA - Wells Dam, DCPUD Adult Ladders",Wells Dam,Entiat,2015,2014,Wells Dam,W,Open,460,22,4187,285,37,4605.9,1,2015
3D9.1C2D45A35A,Upper Columbia-Entiat,ENTIAR - Entiat River,2013-08-25T12:17:00Z,2014-05-11T14:51:00Z,ENM - Middle Entiat River,Below,Entiat,2014,2013,Below,W,Open,465,24,4206.5,189,24,2903,1,2014
3D9.1C2D45D3BC,Upper Columbia-Entiat,MADRVR - Mad River (Entiat River watershed),2013-09-09T08:12:00Z,2014-05-14T14:16:00Z,"MAD - Mad River, Entiat River Basin",Below,Entiat,2014,2013,Below,W,Open,465,24,4206.5,189,24,2903,1,2014
3D9.1C2D468254,Upper Columbia-Entiat,ENTIAR - Entiat River,2014-07-27T11:59:00Z,2015-01-22T17:34:00Z,ENA - Upper Entiat River at rkm 17.1,Below,Entiat,2015,2014,Below,W,Open,460,22,4187,285,37,4605.9,1,2015
3D9.1C2D4811AD,Upper Columbia-Entiat,ENTIAR - Entiat River,2010-10-09T14:53:00Z,2010-10-17T23:01:00Z,LMR - Lower Methow River at Pateros,Above,Entiat,2011,2010,Above,W,Open,631,31,4091.1,146,22,1891.7,1,2011
3D9.1C2D6FDC92,Upper Columbia-Entiat,ENTIAR - Entiat River,2015-09-27T11:24:00Z,2016-04-25T16:53:00Z,"MAD - Mad River, Entiat River Basin",Below,Entiat,2016,2015,Below,W,Open,460,24,4097.5,15,4,165.1,1,2016
3D9.1C2D6FF6A1,Upper Columbia-Entiat,ENTIAR - Entiat River,2015-10-03T11:03:00Z,2015-10-03T12:16:00Z,"WEA - Wells Dam, DCPUD Adult Ladders",Wells Dam,Entiat,2016,2015,Wells Dam,W,Open,460,24,4097.5,15,4,165.1,1,2016
3D9.1C2D6FF6D8,Upper Columbia-Entiat,ENTIAR - Entiat River,2016-08-18T10:23:00Z,2017-05-23T05:56:00Z,"MAD - Mad River, Entiat River Basin",Below,Entiat,2017,2016,Below,W,Closed,460,22,3623,330,20,17709.1,0,2017
3D9.1C2D6FFE83,Upper Columbia-Entiat,ENTIAR - Entiat River,2015-09-06T17:44:00Z,2016-04-07T17:16:00Z,"MAD - Mad River, Entiat River Basin",Below,Entiat,2016,2015,Below,W,Open,460,24,4097.5,15,4,165.1,1,2016
3D9.1C2D76E336,Upper Columbia-Entiat,ENTIAR - Entiat River,2015-08-25T11:43:00Z,2016-04-03T21:46:00Z,RRJ - Rocky Reach Dam Juvenile,Below,Entiat,2016,2015,Below,W,Open,460,24,4097.5,15,4,165.1,1,2016
3D9.1C2D778E8A,Upper Columbia-Entiat,ENTIAR - Entiat River,2013-10-17T11:47:00Z,2014-05-04T15:08:00Z,TLT - Tillicum Creek Temporary Array,Below,Entiat,2014,2013,Below,W,Open,465,24,4206.5,189,24,2903,1,2014
3D9.1C2D8DFEAE,Wenatchee,WENATR - Wenatchee River,2015-07-22T10:43:00Z,2016-04-02T15:17:00Z,UWE - Upper Wenatchee River,Below,Wenatchee,2016,2015,Below,W,Open,460,24,4097.5,15,4,165.1,1,2016
3D9.1C2D8F0A7B,Wenatchee,WENATR - Wenatchee River,2014-10-19T09:59:00Z,2015-05-29T10:34:00Z,CHW - Chiwaukum Creek,Below,Wenatchee,2015,2014,Below,W,Open,460,22,4187,285,37,4605.9,1,2015
3D9.1C2D9188B0,Upper Columbia-Entiat,ENTIAR - Entiat River,2012-08-21T04:28:00Z,2013-04-13T16:06:00Z,ENM - Middle Entiat River,Below,Entiat,2013,2012,Below,W,Open,600,39,9666.8,72,19,1117.1,1,2013
3D9.1C2D91FF33,Upper Columbia-Entiat,ENTIAR - Entiat River,2015-08-18T10:06:00Z,2015-08-18T11:07:00Z,"WEA - Wells Dam, DCPUD Adult Ladders",Wells Dam,Entiat,2016,2015,Wells Dam,W,Open,460,24,4097.5,15,4,165.1,1,2016
3D9.1C2D9207E9,Upper Columbia-Entiat,MADRVR - Mad River (Entiat River watershed),2014-08-17T12:14:00Z,2014-08-17T13:44:00Z,"WEA - Wells Dam, DCPUD Adult Ladders",Wells Dam,Entiat,2015,2014,Wells Dam,W,Open,460,22,4187,285,37,4605.9,1,2015
3D9.1C2D920C3E,Upper Columbia-Entiat,ENTIAR - Entiat River,2014-10-11T07:20:00Z,2014-10-11T08:40:00Z,"WEA - Wells Dam, DCPUD Adult Ladders",Wells Dam,Entiat,2015,2014,Wells Dam,W,Open,460,22,4187,285,37,4605.9,1,2015
3D9.1C2D921762,Upper Columbia-Entiat,ENTIAR - Entiat River,2011-09-14T11:44:00Z,2011-09-14T17:14:00Z,"WEA - Wells Dam, DCPUD Adult Ladders",Wells Dam,Entiat,2012,2011,Wells Dam,W,Open,634,31,6876.1,143,15,2877.1,1,2012
3D9.1C2D926486,Upper Columbia-Entiat,ENTIAR - Entiat River,2013-08-27T13:11:00Z,2014-06-19T17:04:00Z,BCC - BON PH2 Corner Collector,Below,Entiat,2014,2013,Below,W,Open,465,24,4206.5,189,24,2903,1,2014
3D9.1C2D927CB3,Upper Columbia-Entiat,ENTIAR - Entiat River,2013-09-23T11:10:00Z,2014-04-10T01:25:00Z,ENF - Upper Entiat River at rkm 40.6,Below,Entiat,2014,2013,Below,W,Open,465,24,4206.5,189,24,2903,1,2014
3D9.1C2D928486,Upper Columbia-Entiat,MADRVR - Mad River (Entiat River watershed),2014-08-20T11:49:00Z,2014-08-20T13:08:00Z,"WEA - Wells Dam, DCPUD Adult Ladders",Wells Dam,Entiat,2015,2014,Wells Dam,W,Open,460,22,4187,285,37,4605.9,1,2015
3D9.1C2D928A8E,Upper Columbia-Entiat,ENTIAR - Entiat River,2015-09-17T11:53:00Z,2016-05-29T15:23:00Z,ENM - Middle Entiat River,Below,Entiat,2016,2015,Below,W,Open,460,24,4097.5,15,4,165.1,1,2016
3D9.1C2D92A08C,Upper Columbia-Entiat,ENTIAR - Entiat River,2013-08-15T09:39:00Z,2014-05-17T22:01:00Z,RRJ - Rocky Reach Dam Juvenile,Below,Entiat,2014,2013,Below,W,Open,465,24,4206.5,189,24,2903,1,2014
3D9.1C2D92CE2F,Upper Columbia-Entiat,ENTIAR - Entiat River,2014-08-12T17:15:00Z,2015-05-08T18:21:00Z,RRJ - Rocky Reach Dam Juvenile,Below,Entiat,2015,2014,Below,W,Open,460,22,4187,285,37,4605.9,1,2015
3D9.1C2D92DABB,Upper Columbia-Entiat,ENTIAR - Entiat River,2014-09-20T13:40:00Z,2017-04-15T18:03:00Z,RCT - Roaring Creek Temporary Array,Below,Entiat,2015,2014,Below,W,Open,460,22,4187,285,37,4605.9,1,2015
3D9.1C2D9303CC,Upper Columbia-Entiat,ENTIAR - Entiat River,2013-08-27T13:27:00Z,2015-03-15T18:55:00Z,"MAD - Mad River, Entiat River Basin",Below,Entiat,2014,2013,Below,W,Open,465,24,4206.5,189,24,2903,1,2014
3D9.1C2D9328F3,Upper Columbia-Entiat,ENTIAR - Entiat River,2015-09-16T06:48:00Z,2016-05-26T14:13:00Z,"MAD - Mad River, Entiat River Basin",Below,Entiat,2016,2015,Below,W,Open,460,24,4097.5,15,4,165.1,1,2016
3D9.1C2D932CD1,Upper Columbia-Entiat,ENTIAR - Entiat River,2014-07-23T04:43:00Z,2014-07-23T08:04:00Z,"WEA - Wells Dam, DCPUD Adult Ladders",Wells Dam,Entiat,2015,2014,Wells Dam,W,Open,460,22,4187,285,37,4605.9,1,2015
3D9.1C2D9349B5,Upper Columbia-Entiat,ENTIAR - Entiat River,2014-08-05T08:59:00Z,2015-05-13T07:44:00Z,RRJ - Rocky Reach Dam Juvenile,Below,Entiat,2015,2014,Below,W,Open,460,22,4187,285,37,4605.9,1,2015
3D9.1C2D937BC6,Wenatchee,"WENA3T - Upper Wenatchee trap, 4km above Chiwawa River",2015-07-08T14:26:00Z,2016-06-07T13:00:00Z,BCC - BON PH2 Corner Collector,Below,Wenatchee,2016,2015,Below,W,Open,460,24,4097.5,15,4,165.1,1,2016
3D9.1C2D9495B9,Upper Columbia-Entiat,ENTIAR - Entiat River,2014-10-06T17:28:00Z,2015-04-07T22:15:00Z,ENS - Upper Entiat River at rkm 35.7,Below,Entiat,2015,2014,Below,W,Open,460,22,4187,285,37,4605.9,1,2015
3D9.1C2D94B98C,Upper Columbia-Entiat,ENTIAR - Entiat River,2014-09-21T12:48:00Z,2015-05-23T11:20:00Z,RRJ - Rocky Reach Dam Juvenile,Below,Entiat,2015,2014,Below,W,Open,460,22,4187,285,37,4605.9,1,2015
3D9.1C2D96078C,Upper Columbia-Entiat,MADRVR - Mad River (Entiat River watershed),2014-08-20T13:27:00Z,2014-08-21T12:37:00Z,"WEA - Wells Dam, DCPUD Adult Ladders",Wells Dam,Entiat,2015,2014,Wells Dam,W,Open,460,22,4187,285,37,4605.9,1,2015
3D9.1C2D99DEAF,Upper Columbia-Entiat,ENTIAR - Entiat River,2016-08-06T10:31:00Z,2017-04-04T00:41:00Z,ENA - Upper Entiat River at rkm 17.1,Below,Entiat,2017,2016,Below,W,Closed,460,22,3623,330,20,17709.1,0,2017
3D9.1C2D9E8110,Upper Columbia-Entiat,ENTIAR - Entiat River,2014-07-17T15:29:00Z,2014-07-17T16:50:00Z,"WEA - Wells Dam, DCPUD Adult Ladders",Wells Dam,Entiat,2015,2014,Wells Dam,W,Open,460,22,4187,285,37,4605.9,1,2015
3D9.1C2D9EDD36,Upper Columbia-Entiat,ENTIAR - Entiat River,2013-10-11T09:52:00Z,2014-06-08T16:58:00Z,"MAD - Mad River, Entiat River Basin",Below,Entiat,2014,2013,Below,W,Open,465,24,4206.5,189,24,2903,1,2014
3D9.1C2D9EF5D0,Upper Columbia-Entiat,ENTIAR - Entiat River,2013-09-28T00:58:00Z,2014-05-08T10:25:00Z,RRJ - Rocky Reach Dam Juvenile,Below,Entiat,2014,2013,Below,W,Open,465,24,4206.5,189,24,2903,1,2014
3D9.1C2D9F0CEC,Upper Columbia-Entiat,ENTIAR - Entiat River,2013-07-25T12:01:00Z,2013-07-25T12:01:00Z,"WEA - Wells Dam, DCPUD Adult Ladders",Wells Dam,Entiat,2014,2013,Wells Dam,W,Open,465,24,4206.5,189,24,2903,1,2014
3D9.1C2D9F0CFB,Upper Columbia-Entiat,ENTIAR - Entiat River,2013-08-30T08:14:00Z,2014-04-25T21:13:00Z,ENS - Upper Entiat River at rkm 35.7,Below,Entiat,2014,2013,Below,W,Open,465,24,4206.5,189,24,2903,1,2014
3D9.1C2D9FD13B,Upper Columbia-Entiat,ENTIAR - Entiat River,2016-08-20T13:52:00Z,2017-04-10T20:01:00Z,ENS - Upper Entiat River at rkm 35.7,Below,Entiat,2017,2016,Below,W,Closed,460,22,3623,330,20,17709.1,0,2017
3D9.1C2D9FDE14,Upper Columbia-Entiat,ENTIAR - Entiat River,2016-07-26T07:37:00Z,2017-05-14T16:32:00Z,ENF - Upper Entiat River at rkm 40.6,Below,Entiat,2017,2016,Below,W,Closed,460,22,3623,330,20,17709.1,0,2017
3D9.1C2DA0FC56,Upper Columbia-Entiat,ENTIAR - Entiat River,2014-12-09T10:27:00Z,2015-06-07T02:28:00Z,RRJ - Rocky Reach Dam Juvenile,Below,Entiat,2015,2014,Below,W,Open,460,22,4187,285,37,4605.9,1,2015
3D9.1C2DCBADB8,Wenatchee,WENATR - Wenatchee River,2015-09-01T16:31:00Z,2015-11-09T15:32:00Z,TUF - Tumwater Dam Adult Fishway,Below,Wenatchee,2016,2015,Below,W,Open,460,24,4097.5,15,4,165.1,1,2016
3D9.1C2DD57BAA,Upper Columbia-Entiat,ENTIAR - Entiat River,2016-09-11T01:32:00Z,2017-04-19T10:03:00Z,RCT - Roaring Creek Temporary Array,Below,Entiat,2017,2016,Below,W,Closed,460,22,3623,330,20,17709.1,0,2017
3D9.1C2DD6A680,Upper Columbia-Entiat,ENTIAR - Entiat River,2014-07-15T05:28:00Z,2015-03-18T11:28:00Z,RRJ - Rocky Reach Dam Juvenile,Below,Entiat,2015,2014,Below,W,Open,460,22,4187,285,37,4605.9,1,2015
3D9.1C2DD6D852,Upper Columbia-Entiat,MADRVR - Mad River (Entiat River watershed),2016-09-25T08:55:00Z,2017-05-12T21:39:00Z,RRJ - Rocky Reach Dam Juvenile,Below,Entiat,2017,2016,Below,W,Closed,460,22,3623,330,20,17709.1,0,2017
3D9.1C2DD6F2D1,Upper Columbia-Entiat,ENTIAR - Entiat River,2015-08-13T13:34:00Z,2016-05-19T20:23:00Z,BCC - BON PH2 Corner Collector,Below,Entiat,2016,2015,Below,W,Open,460,24,4097.5,15,4,165.1,1,2016
3D9.1C2DD6F51A,Upper Columbia-Entiat,MADRVR - Mad River (Entiat River watershed),2015-07-08T11:09:00Z,2016-05-30T19:35:00Z,RRJ - Rocky Reach Dam Juvenile,Below,Entiat,2016,2015,Below,W,Open,460,24,4097.5,15,4,165.1,1,2016
3D9.1C2DD731BF,Upper Columbia-Entiat,ENTIAR - Entiat River,2014-10-04T12:20:00Z,2015-05-21T04:27:00Z,BCC - BON PH2 Corner Collector,Below,Entiat,2015,2014,Below,W,Open,460,22,4187,285,37,4605.9,1,2015
3D9.1C2DD735C3,Upper Columbia-Entiat,ENTIAR - Entiat River,2014-08-28T11:02:00Z,2015-05-20T13:44:00Z,RRJ - Rocky Reach Dam Juvenile,Below,Entiat,2015,2014,Below,W,Open,460,22,4187,285,37,4605.9,1,2015
3D9.1C2DD750C8,Upper Columbia-Entiat,ENTIAR - Entiat River,2013-09-08T09:55:00Z,2014-05-22T10:32:00Z,ENA - Upper Entiat River at rkm 17.1,Below,Entiat,2014,2013,Below,W,Open,465,24,4206.5,189,24,2903,1,2014
3D9.1C2DD88BF0,Upper Columbia-Entiat,ENTIAR - Entiat River,2015-12-08T15:40:00Z,2016-03-19T19:29:00Z,ENM - Middle Entiat River,Below,Entiat,2016,2015,Below,W,Open,460,24,4097.5,15,4,165.1,1,2016
3D9.1C2DD94213,Wenatchee,"WENA4T - Lower Wenatchee trap, 2.8km below Mission Creek",2015-08-03T08:03:00Z,2015-08-03T09:37:00Z,"WEA - Wells Dam, DCPUD Adult Ladders",Wells Dam,Wenatchee,2016,2015,Wells Dam,W,Open,460,24,4097.5,15,4,165.1,1,2016
3D9.1C2DD95942,Upper Columbia-Entiat,ENTIAR - Entiat River,2014-08-28T06:28:00Z,2015-06-11T10:39:00Z,PRA - Priest Rapids Adult,Below,Entiat,2015,2014,Below,W,Open,460,22,4187,285,37,4605.9,1,2015
3D9.1C2DD9FE18,Upper Columbia-Entiat,ENTIAR - Entiat River,2015-09-01T14:26:00Z,2016-05-09T17:27:00Z,RRJ - Rocky Reach Dam Juvenile,Below,Entiat,2016,2015,Below,W,Open,460,24,4097.5,15,4,165.1,1,2016
3D9.1C2DDA0B75,Upper Columbia-Entiat,ENTIAR - Entiat River,2015-09-05T07:08:00Z,2016-06-15T22:27:00Z,BCC - BON PH2 Corner Collector,Below,Entiat,2016,2015,Below,W,Open,460,24,4097.5,15,4,165.1,1,2016
3D9.1C2DDA30C0,Upper Columbia-Entiat,ENTIAR - Entiat River,2015-09-22T06:30:00Z,2016-05-06T05:47:00Z,RRJ - Rocky Reach Dam Juvenile,Below,Entiat,2016,2015,Below,W,Open,460,24,4097.5,15,4,165.1,1,2016
3D9.1C2DDA355C,Upper Columbia-Entiat,ENTIAR - Entiat River,2014-07-21T08:06:00Z,2015-05-10T15:27:00Z,RRJ - Rocky Reach Dam Juvenile,Below,Entiat,2015,2014,Below,W,Open,460,22,4187,285,37,4605.9,1,2015
3D9.1C2DDA377B,Upper Columbia-Entiat,ENTIAR - Entiat River,2014-08-24T17:19:00Z,2014-08-24T18:54:00Z,"WEA - Wells Dam, DCPUD Adult Ladders",Wells Dam,Entiat,2015,2014,Wells Dam,W,Open,460,22,4187,285,37,4605.9,1,2015
3D9.1C2DDA7844,Upper Columbia-Entiat,ENTIAR - Entiat River,2015-09-15T11:08:00Z,2016-04-14T13:47:00Z,"MAD - Mad River, Entiat River Basin",Below,Entiat,2016,2015,Below,W,Open,460,24,4097.5,15,4,165.1,1,2016
3D9.1C2DDA86B3,Upper Columbia-Entiat,ENTIAR - Entiat River,2015-08-17T10:28:00Z,2015-08-17T11:56:00Z,"WEA - Wells Dam, DCPUD Adult Ladders",Wells Dam,Entiat,2016,2015,Wells Dam,W,Open,460,24,4097.5,15,4,165.1,1,2016
3D9.1C2DDAE3FC,Upper Columbia-Entiat,ENTIAR - Entiat River,2014-08-31T14:32:00Z,2015-02-07T20:34:00Z,ENL - Lower Entiat River,Below,Entiat,2015,2014,Below,W,Open,460,22,4187,285,37,4605.9,1,2015
3D9.1C2DDAFB7F,Upper Columbia-Entiat,ENTIAR - Entiat River,2014-08-16T06:03:00Z,2015-06-05T08:10:00Z,"MAD - Mad River, Entiat River Basin",Below,Entiat,2015,2014,Below,W,Open,460,22,4187,285,37,4605.9,1,2015
3D9.1C2DDB1C6E,Upper Columbia-Entiat,ENTIAR - Entiat River,2014-08-12T15:12:00Z,2014-11-01T19:16:00Z,LMR - Lower Methow River at Pateros,Above,Entiat,2015,2014,Above,W,Open,460,22,4187,285,37,4605.9,1,2015
3D9.1C2DDB28A5,Upper Columbia-Entiat,ENTIAR - Entiat River,2016-08-21T17:40:00Z,2016-08-21T18:55:00Z,"WEA - Wells Dam, DCPUD Adult Ladders",Wells Dam,Entiat,2017,2016,Wells Dam,W,Closed,460,22,3623,330,20,17709.1,0,2017
3D9.1C2DDB54B2,Upper Columbia-Entiat,ENTIAR - Entiat River,2015-09-08T16:48:00Z,2016-03-13T09:44:00Z,RCT - Roaring Creek Temporary Array,Below,Entiat,2016,2015,Below,W,Open,460,24,4097.5,15,4,165.1,1,2016
3D9.1C2DDB6FF8,Upper Columbia-Entiat,ENTIAR - Entiat River,2015-08-24T12:31:00Z,2016-05-08T08:54:00Z,MWF - Whitefish SC in Methow River,Above,Entiat,2016,2015,Above,W,Open,460,24,4097.5,15,4,165.1,1,2016
3D9.1C2DDB8BE6,Upper Columbia-Entiat,ENTIAR - Entiat River,2015-10-09T07:01:00Z,2016-04-01T20:38:00Z,"MAD - Mad River, Entiat River Basin",Below,Entiat,2016,2015,Below,W,Open,460,24,4097.5,15,4,165.1,1,2016
3D9.1C2DE50622,Upper Columbia-Entiat,ENTIAR - Entiat River,2014-09-20T06:09:00Z,2015-06-21T21:19:00Z,ENF - Upper Entiat River at rkm 40.6,Below,Entiat,2015,2014,Below,W,Open,460,22,4187,285,37,4605.9,1,2015
3D9.1C2DEA8A28,Upper Columbia-Entiat,ENTIAR - Entiat River,2015-09-20T12:11:00Z,2016-05-28T17:57:00Z,TWR - Lwr Twisp Rvr near MSRF Ponds,Above,Entiat,2016,2015,Above,W,Open,460,24,4097.5,15,4,165.1,1,2016
3D9.1C2DEA993C,Upper Columbia-Entiat,ENTIAR - Entiat River,2016-09-28T07:07:00Z,2017-04-26T21:48:00Z,RRJ - Rocky Reach Dam Juvenile,Below,Entiat,2017,2016,Below,W,Closed,460,22,3623,330,20,17709.1,0,2017
3D9.1C2DEABA1D,Upper Columbia-Entiat,ENTIAR - Entiat River,2015-08-14T12:38:00Z,2016-06-22T10:51:00Z,RRJ - Rocky Reach Dam Juvenile,Below,Entiat,2016,2015,Below,W,Open,460,24,4097.5,15,4,165.1,1,2016
3D9.1C2DEAE98C,Upper Columbia-Entiat,ENTIAR - Entiat River,2014-10-09T09:29:00Z,2015-05-04T21:03:00Z,RRJ - Rocky Reach Dam Juvenile,Below,Entiat,2015,2014,Below,W,Open,460,22,4187,285,37,4605.9,1,2015
3D9.1C2DEAFDF7,Upper Columbia-Entiat,ENTIAR - Entiat River,2015-10-15T15:36:00Z,2016-05-28T09:11:00Z,RRJ - Rocky Reach Dam Juvenile,Below,Entiat,2016,2015,Below,W,Open,460,24,4097.5,15,4,165.1,1,2016
3D9.1C2DEB626F,Upper Columbia-Entiat,ENTIAR - Entiat River,2016-08-25T12:39:00Z,2017-04-25T07:11:00Z,"MAD - Mad River, Entiat River Basin",Below,Entiat,2017,2016,Below,W,Closed,460,22,3623,330,20,17709.1,0,2017
3D9.1C2DEB8AD9,Upper Columbia-Entiat,ENTIAR - Entiat River,2016-08-21T14:26:00Z,2017-05-16T12:19:00Z,"MAD - Mad River, Entiat River Basin",Below,Entiat,2017,2016,Below,W,Closed,460,22,3623,330,20,17709.1,0,2017
3D9.1C2DEB9E13,Upper Columbia-Entiat,ENTIAR - Entiat River,2017-05-01T15:34:00Z,2017-05-13T16:46:00Z,RRJ - Rocky Reach Dam Juvenile,Below,Entiat,2018,2017,Below,W,Closed,523,34,4903.6,671,66,14036.5,0,2018
3D9.1C2DEBD1D8,Upper Columbia-Entiat,MADRVR - Mad River (Entiat River watershed),2016-08-04T07:32:00Z,2016-08-04T09:00:00Z,"WEA - Wells Dam, DCPUD Adult Ladders",Wells Dam,Entiat,2017,2016,Wells Dam,W,Closed,460,22,3623,330,20,17709.1,0,2017
3D9.1C2DEC94F8,Upper Columbia-Entiat,ENTIAR - Entiat River,2015-09-08T16:32:00Z,2016-05-02T16:19:00Z,ENS - Upper Entiat River at rkm 35.7,Below,Entiat,2016,2015,Below,W,Open,460,24,4097.5,15,4,165.1,1,2016
3D9.1C2DECA546,Upper Columbia-Entiat,ENTIAR - Entiat River,2015-08-17T09:58:00Z,2015-08-18T18:23:00Z,"WEA - Wells Dam, DCPUD Adult Ladders",Wells Dam,Entiat,2016,2015,Wells Dam,W,Open,460,24,4097.5,15,4,165.1,1,2016
3D9.1C2DEE7D1C,Upper Columbia-Entiat,ENTIAR - Entiat River,2015-09-15T16:18:00Z,2016-03-29T09:32:00Z,RCT - Roaring Creek Temporary Array,Below,Entiat,2016,2015,Below,W,Open,460,24,4097.5,15,4,165.1,1,2016
3D9.1C2DF7D174,Wenatchee,WENATR - Wenatchee River,2015-07-22T06:58:00Z,2016-05-23T17:37:00Z,FST - Foster Creek,Above,Wenatchee,2016,2015,Above,W,Open,460,24,4097.5,15,4,165.1,1,2016
3DD.0077576277,Upper Columbia-Entiat,ENTIAR - Entiat River,2017-10-04T12:53:00Z,2018-04-28T19:34:00Z,"WEA - Wells Dam, DCPUD Adult Ladders",Wells Dam,Entiat,2018,2017,Wells Dam,W,Closed,523,34,4903.6,671,66,14036.5,0,2018
3DD.007759C137,Upper Columbia-Entiat,ENTIAR - Entiat River,2015-08-14T16:51:00Z,2015-08-19T17:10:00Z,LMR - Lower Methow River at Pateros,Above,Entiat,2016,2015,Above,W,Open,460,24,4097.5,15,4,165.1,1,2016
3DD.007759D169,Upper Columbia-Entiat,ENTIAR - Entiat River,2017-09-02T17:02:00Z,2018-05-28T13:00:00Z,"MAD - Mad River, Entiat River Basin",Below,Entiat,2018,2017,Below,W,Closed,523,34,4903.6,671,66,14036.5,0,2018
3DD.00776E0C2F,Upper Columbia-Entiat,ENTIAR - Entiat River,2016-10-25T15:18:00Z,2016-11-06T19:22:00Z,MRC - Methow River at Carlton,Above,Entiat,2017,2016,Above,W,Closed,460,22,3623,330,20,17709.1,0,2017
3DD.0077755804,Upper Columbia-Entiat,ENTIAR - Entiat River,2021-07-18T20:58:00Z,2022-05-25T12:36:00Z,RRJ - Rocky Reach Dam Juvenile,Below,Entiat,2022,2021,Below,W,Closed,342,39,3912,346,43,7000.9,0,2022
3DD.00777588DF,Upper Columbia-Entiat,ENTIAR - Entiat River,2015-09-05T07:05:00Z,2015-09-05T08:20:00Z,"WEA - Wells Dam, DCPUD Adult Ladders",Wells Dam,Entiat,2016,2015,Wells Dam,W,Open,460,24,4097.5,15,4,165.1,1,2016
3DD.007775F1C2,Upper Columbia-Entiat,ENTRTP - Entiat River Rotary Screw Trap,2021-11-15T15:58:00Z,2021-11-15T16:15:00Z,"WEA - Wells Dam, DCPUD Adult Ladders",Wells Dam,Entiat,2022,2021,Wells Dam,W,Closed,342,39,3912,346,43,7000.9,0,2022
3DD.007779F4BE,Upper Columbia-Entiat,ENTIAR - Entiat River,2018-08-22T09:54:00Z,2018-08-22T11:02:00Z,"WEA - Wells Dam, DCPUD Adult Ladders",Wells Dam,Entiat,2019,2018,Wells Dam,W,Closed,574,53,8116.8,78,21,846.8,0,2019
3DD.00777A25C3,Upper Columbia-Entiat,ENTRTP - Entiat River Rotary Screw Trap,2022-08-21T06:14:00Z,2023-04-22T23:58:00Z,TWR - Lwr Twisp Rvr near MSRF Ponds,Above,Entiat,2023,2022,Above,W,Closed,341,43,4276.2,52,16,839.8,0,2023
3DD.00777A41EA,Upper Columbia-Entiat,ENTIAR - Entiat River,2018-08-13T16:28:00Z,2019-04-20T17:36:00Z,ENS - Upper Entiat River at rkm 35.7,Below,Entiat,2019,2018,Below,W,Closed,574,53,8116.8,78,21,846.8,0,2019
3DD.0077840F9D,Upper Columbia-Entiat,MADRVR - Mad River (Entiat River watershed),2019-10-08T21:38:00Z,2020-04-08T20:44:00Z,"MAD - Mad River, Entiat River Basin",Below,Entiat,2020,2019,Below,W,Closed,527,45,5134,86,13,3546.5,0,2020
3DD.00778E0685,Upper Columbia-Entiat,ENTIAR - Entiat River,2019-09-10T08:38:00Z,2020-05-02T11:06:00Z,RRJ - Rocky Reach Dam Juvenile,Below,Entiat,2020,2019,Below,W,Closed,527,45,5134,86,13,3546.5,0,2020
3DD.00778F7049,Upper Columbia-Entiat,ENTIAR - Entiat River,2019-07-17T14:01:00Z,2019-07-17T15:25:00Z,"WEA - Wells Dam, DCPUD Adult Ladders",Wells Dam,Entiat,2020,2019,Wells Dam,W,Closed,527,45,5134,86,13,3546.5,0,2020
3DD.007790CB64,Upper Columbia-Entiat,ENTIAR - Entiat River,2018-09-14T09:15:00Z,2018-09-14T15:25:00Z,WEJ - Wells Dam Bypass Bay Sample,Wells Dam,Entiat,2019,2018,Wells Dam,W,Closed,574,53,8116.8,78,21,846.8,0,2019
3DD.0077A21C63,Upper Columbia-Entiat,ENTIAR - Entiat River,2020-10-03T22:00:00Z,2021-04-02T21:50:00Z,ENA - Upper Entiat River at rkm 17.1,Below,Entiat,2021,2020,Below,W,Closed,725,55,8756.2,161,24,2214.9,0,2021
3DD.0077A25AF9,Upper Columbia-Entiat,ENTIAR - Entiat River,2019-09-27T11:13:00Z,2020-06-27T01:30:00Z,RRJ - Rocky Reach Dam Juvenile,Below,Entiat,2020,2019,Below,W,Closed,527,45,5134,86,13,3546.5,0,2020
3DD.0077A2EEA1,Upper Columbia-Entiat,ENTIAR - Entiat River,2020-10-07T01:40:00Z,2021-05-14T12:54:00Z,RRJ - Rocky Reach Dam Juvenile,Below,Entiat,2021,2020,Below,W,Closed,725,55,8756.2,161,24,2214.9,0,2021
3DD.0077A3BCF0,Upper Columbia-Entiat,MADRVR - Mad River (Entiat River watershed),2020-08-25T10:27:00Z,2021-04-17T17:50:00Z,"MAD - Mad River, Entiat River Basin",Below,Entiat,2021,2020,Below,W,Closed,725,55,8756.2,161,24,2214.9,0,2021
3DD.0077A3F119,Upper Columbia-Entiat,MADRVR - Mad River (Entiat River watershed),2018-08-09T12:37:00Z,2019-04-18T18:53:00Z,"MAD - Mad River, Entiat River Basin",Below,Entiat,2019,2018,Below,W,Closed,574,53,8116.8,78,21,846.8,0,2019
3DD.0077A40D92,Upper Columbia-Entiat,ENTIAR - Entiat River,2020-08-24T14:45:00Z,2021-05-28T19:25:00Z,"MAD - Mad River, Entiat River Basin",Below,Entiat,2021,2020,Below,W,Closed,725,55,8756.2,161,24,2214.9,0,2021
3DD.0077A4B879,Upper Columbia-Entiat,ENTIAR - Entiat River,2019-10-02T15:42:00Z,2020-06-11T12:55:00Z,RRJ - Rocky Reach Dam Juvenile,Below,Entiat,2020,2019,Below,W,Closed,527,45,5134,86,13,3546.5,0,2020
3DD.0077A4C96B,Upper Columbia-Entiat,ENTIAR - Entiat River,2020-07-21T19:39:00Z,2021-05-02T01:28:00Z,RRJ - Rocky Reach Dam Juvenile,Below,Entiat,2021,2020,Below,W,Closed,725,55,8756.2,161,24,2214.9,0,2021
3DD.0077A4D19C,Upper Columbia-Entiat,ENTIAR - Entiat River,2019-08-18T10:49:00Z,2019-08-18T12:20:00Z,"WEA - Wells Dam, DCPUD Adult Ladders",Wells Dam,Entiat,2020,2019,Wells Dam,W,Closed,527,45,5134,86,13,3546.5,0,2020
3DD.0077A534EF,Upper Columbia-Entiat,ENTIAR - Entiat River,2020-08-20T09:50:00Z,2021-05-27T09:11:00Z,BCC - BON PH2 Corner Collector,Below,Entiat,2021,2020,Below,W,Closed,725,55,8756.2,161,24,2214.9,0,2021
3DD.0077AAC35A,Upper Columbia-Entiat,ENTIAR - Entiat River,2020-09-15T06:48:00Z,2021-04-20T13:11:00Z,"WEA - Wells Dam, DCPUD Adult Ladders",Wells Dam,Entiat,2021,2020,Wells Dam,W,Closed,725,55,8756.2,161,24,2214.9,0,2021
3DD.0077AAF5DF,Upper Columbia-Entiat,ENTIAR - Entiat River,2019-09-12T07:48:00Z,2020-06-20T15:15:00Z,RRJ - Rocky Reach Dam Juvenile,Below,Entiat,2020,2019,Below,W,Closed,527,45,5134,86,13,3546.5,0,2020
3DD.0077AB1198,Upper Columbia-Entiat,ENTIAR - Entiat River,2020-10-01T13:55:00Z,2021-04-18T18:00:00Z,ENA - Upper Entiat River at rkm 17.1,Below,Entiat,2021,2020,Below,W,Closed,725,55,8756.2,161,24,2214.9,0,2021
3DD.0077AB18B5,Wenatchee,"WENA4T - Lower Wenatchee trap, 2.8km below Mission Creek",2020-08-29T14:43:00Z,2021-05-06T02:36:00Z,OMK - Omak Creek Instream Array,Above,Wenatchee,2021,2020,Above,W,Closed,725,55,8756.2,161,24,2214.9,0,2021
